City,Spanish,English,Hindi,Urdu,Russian,French
Queens,51.941267,556.500464,521.787095,114.729365,389.188901,860.509595
Manhattan,943.659338,411.736398,659.910559,416.308176,81.302376,400.905088
Brooklyn,666.636001,139.860327,611.070876,490.861691,714.698432,938.367326